Name, City
Manav,North Rachelburgh
Ansh,Rodriguezshire
Devang,West Sallyshire
Malak,Edwardston
Manav,Foleyberg
Ansh,South Meganport
Hetvi,Hernandezborough
Hetvi,Wandaton
Hetvi,New Matthewville
Devang,Butlerfort
Manav,North Johnbury
Hetvi,Anthonyberg
Malak,North Billyborough
Manav,New Jesse
Manav,West Matthew
Devang,East James
Ansh,New Debbieview
Malak,Williamburgh
Manav,Bartonstad
Hetvi,East Haleyshire
Ansh,Kimberlymouth
Malak,North Allisonview
Malak,South Andrea
Ansh,Perezhaven
Ansh,Lake Stephenmouth
Hetvi,Lake Roseshire
Devang,Montgomeryborough
Manav,West Amyview
Devang,Gonzalesview
Ansh,West Jenniferberg
Manav,Sharonton
Devang,Charlesville
Malak,West Christianfurt
Devang,East Stanleyview
Devang,North Jasonmouth
Hetvi,Jeffreyfort
Ansh,Port Mathew
Ansh,Watershaven
Malak,East Robertland
Malak,Davischester
Manav,Christensenborough
Ansh,East Maurice
Ansh,Travismouth
Manav,West Susan
Ansh,Port Kaylachester
Malak,Hopkinston
Ansh,East Regina
Devang,North Courtney
Manav,Lake Matthewville
Devang,Wellsbury
Ansh,Gonzalezberg
Hetvi,Port Michele
Devang,Walkerburgh
Malak,Fieldsfort
Devang,Williamsfurt
Hetvi,Edwardsfurt
Malak,Michelleville
Malak,Bowmanville
Ansh,Michaelchester
Malak,Thomasport
Manav,Jessicabury
Hetvi,Matthewport
Devang,Ricardohaven
Hetvi,East Rebecca
Manav,Lunamouth
Manav,Annastad
Malak,Hallhaven
Malak,Port Tamarafort
Devang,Alihaven
Devang,Derricktown
Ansh,South Robinland
Devang,Molinaberg
Hetvi,Mollyton
Hetvi,West Christophermouth
Hetvi,Port Susan
Malak,Bryantland
Ansh,Burnsport
Manav,New Glenstad
Malak,Meyerton
Hetvi,Lake Patricia
Hetvi,North Raymondside
Hetvi,Lambertbury
Devang,Juliamouth
Hetvi,West Jesse
Manav,Davisshire
Hetvi,Port Melissashire
Hetvi,South Lauratown
Devang,North Adam
Ansh,Christophermouth
Manav,Moraleshaven
Devang,West Kathyberg
Ansh,Susantown
Devang,West Samuelberg
Ansh,East Jasmine
Manav,East Lindachester
Ansh,Gonzalezshire
Ansh,Port Michael
Ansh,New Justin
Devang,Port Christine
Manav,Lake Jenniferport
